image_checksum,image_urls
"cef5157aa885c782ac987f570c5070af,18eeaa80fdbc601aaf293adeb4147004,d6849a8b56efbeee51259cbe7fcfb6fe,03d0838bab19229f67efec0960672158,c975a0d9eb0227e771bd495e01fe3316,0dea8f5aa6a6e94577eeb7b9a2df26cd,906e4a7bf01f5c4046c04343d4c67f78,d6849a8b56efbeee51259cbe7fcfb6fe,070dacdaede3d9283838c7f4c5fcdb1f,d6849a8b56efbeee51259cbe7fcfb6fe,6ea7ff5413cc1c0019567653937203d6,d6849a8b56efbeee51259cbe7fcfb6fe,edb499947fca1a36374bb1ddc99cb10c,f880daaa0614fca4b2bc2524290d72be,4b38a9a3eeac047ed819845ab79d0493,c7cd71e3a7ac2d5f1155f3c0cd05912b,e6994815ef0107e66718fc666fd37043,d6849a8b56efbeee51259cbe7fcfb6fe,1456d78d91b970193834e6722679fc07,d6849a8b56efbeee51259cbe7fcfb6fe,53311369c694bb8bc2933f0f4925650c,d6849a8b56efbeee51259cbe7fcfb6fe,e1e5d2e80357ce8d0c43247fc21f4f83,d6849a8b56efbeee51259cbe7fcfb6fe,09d1fbd4c923fcea84fa298bcd05a9f5,52f64436457188bc86794c97fdefc4cf,55c30f361b9c92a2ddade38be0f602b3,60ffeee15dc8cbdf5236a8495be1c5e3,fa2deae45c872c9c532e87037bc2a6c5,f68bac6e60825a760fe44f60526911a7,9c6ea0229257da198ae7fbbcb2a91693,d6849a8b56efbeee51259cbe7fcfb6fe,e736406bf9944eae8d897bb115cb23d1,d6849a8b56efbeee51259cbe7fcfb6fe,134811b8ed2702912c9e9855f236ac43,d6849a8b56efbeee51259cbe7fcfb6fe,661d5297d8e96fb8b6ccf774dbc0405f,7ced9ae925df9aef722db4bd692b3303,caf596bb61a4caed37c0a44e7e6f89b5,d6849a8b56efbeee51259cbe7fcfb6fe,fedc275af5bd0e1145b2810aeda5169a,93f25aa907be997ad1bb4e06f9b5081b",<map object at 0x109e111d0>
image_checksum,image_urls
"cef5157aa885c782ac987f570c5070af,18eeaa80fdbc601aaf293adeb4147004,d6849a8b56efbeee51259cbe7fcfb6fe,03d0838bab19229f67efec0960672158,c975a0d9eb0227e771bd495e01fe3316,0dea8f5aa6a6e94577eeb7b9a2df26cd,906e4a7bf01f5c4046c04343d4c67f78,d6849a8b56efbeee51259cbe7fcfb6fe,070dacdaede3d9283838c7f4c5fcdb1f,d6849a8b56efbeee51259cbe7fcfb6fe,6ea7ff5413cc1c0019567653937203d6,d6849a8b56efbeee51259cbe7fcfb6fe,edb499947fca1a36374bb1ddc99cb10c,f880daaa0614fca4b2bc2524290d72be,4b38a9a3eeac047ed819845ab79d0493,c7cd71e3a7ac2d5f1155f3c0cd05912b,e6994815ef0107e66718fc666fd37043,d6849a8b56efbeee51259cbe7fcfb6fe,1456d78d91b970193834e6722679fc07,d6849a8b56efbeee51259cbe7fcfb6fe,53311369c694bb8bc2933f0f4925650c,d6849a8b56efbeee51259cbe7fcfb6fe,e1e5d2e80357ce8d0c43247fc21f4f83,d6849a8b56efbeee51259cbe7fcfb6fe,09d1fbd4c923fcea84fa298bcd05a9f5,52f64436457188bc86794c97fdefc4cf,55c30f361b9c92a2ddade38be0f602b3,60ffeee15dc8cbdf5236a8495be1c5e3,fa2deae45c872c9c532e87037bc2a6c5,f68bac6e60825a760fe44f60526911a7,9c6ea0229257da198ae7fbbcb2a91693,d6849a8b56efbeee51259cbe7fcfb6fe,e736406bf9944eae8d897bb115cb23d1,d6849a8b56efbeee51259cbe7fcfb6fe,134811b8ed2702912c9e9855f236ac43,d6849a8b56efbeee51259cbe7fcfb6fe,661d5297d8e96fb8b6ccf774dbc0405f,7ced9ae925df9aef722db4bd692b3303,caf596bb61a4caed37c0a44e7e6f89b5,d6849a8b56efbeee51259cbe7fcfb6fe,fedc275af5bd0e1145b2810aeda5169a,93f25aa907be997ad1bb4e06f9b5081b",<map object at 0x109dd1208>
image_checksum,image_urls
"cef5157aa885c782ac987f570c5070af,18eeaa80fdbc601aaf293adeb4147004,d6849a8b56efbeee51259cbe7fcfb6fe,03d0838bab19229f67efec0960672158,c975a0d9eb0227e771bd495e01fe3316,0dea8f5aa6a6e94577eeb7b9a2df26cd,906e4a7bf01f5c4046c04343d4c67f78,d6849a8b56efbeee51259cbe7fcfb6fe,070dacdaede3d9283838c7f4c5fcdb1f,d6849a8b56efbeee51259cbe7fcfb6fe,6ea7ff5413cc1c0019567653937203d6,d6849a8b56efbeee51259cbe7fcfb6fe,edb499947fca1a36374bb1ddc99cb10c,f880daaa0614fca4b2bc2524290d72be,4b38a9a3eeac047ed819845ab79d0493,c7cd71e3a7ac2d5f1155f3c0cd05912b,e6994815ef0107e66718fc666fd37043,d6849a8b56efbeee51259cbe7fcfb6fe,1456d78d91b970193834e6722679fc07,d6849a8b56efbeee51259cbe7fcfb6fe,53311369c694bb8bc2933f0f4925650c,d6849a8b56efbeee51259cbe7fcfb6fe,e1e5d2e80357ce8d0c43247fc21f4f83,d6849a8b56efbeee51259cbe7fcfb6fe,09d1fbd4c923fcea84fa298bcd05a9f5,52f64436457188bc86794c97fdefc4cf,55c30f361b9c92a2ddade38be0f602b3,60ffeee15dc8cbdf5236a8495be1c5e3,fa2deae45c872c9c532e87037bc2a6c5,f68bac6e60825a760fe44f60526911a7,9c6ea0229257da198ae7fbbcb2a91693,d6849a8b56efbeee51259cbe7fcfb6fe,e736406bf9944eae8d897bb115cb23d1,d6849a8b56efbeee51259cbe7fcfb6fe,134811b8ed2702912c9e9855f236ac43,d6849a8b56efbeee51259cbe7fcfb6fe,661d5297d8e96fb8b6ccf774dbc0405f,7ced9ae925df9aef722db4bd692b3303,caf596bb61a4caed37c0a44e7e6f89b5,d6849a8b56efbeee51259cbe7fcfb6fe,fedc275af5bd0e1145b2810aeda5169a,93f25aa907be997ad1bb4e06f9b5081b",<map object at 0x109ed42e8>
image_checksum,image_urls
"cef5157aa885c782ac987f570c5070af,18eeaa80fdbc601aaf293adeb4147004,d6849a8b56efbeee51259cbe7fcfb6fe,03d0838bab19229f67efec0960672158,c975a0d9eb0227e771bd495e01fe3316,0dea8f5aa6a6e94577eeb7b9a2df26cd,906e4a7bf01f5c4046c04343d4c67f78,d6849a8b56efbeee51259cbe7fcfb6fe,070dacdaede3d9283838c7f4c5fcdb1f,d6849a8b56efbeee51259cbe7fcfb6fe,6ea7ff5413cc1c0019567653937203d6,d6849a8b56efbeee51259cbe7fcfb6fe,edb499947fca1a36374bb1ddc99cb10c,f880daaa0614fca4b2bc2524290d72be,4b38a9a3eeac047ed819845ab79d0493,c7cd71e3a7ac2d5f1155f3c0cd05912b,e6994815ef0107e66718fc666fd37043,d6849a8b56efbeee51259cbe7fcfb6fe,1456d78d91b970193834e6722679fc07,d6849a8b56efbeee51259cbe7fcfb6fe,53311369c694bb8bc2933f0f4925650c,d6849a8b56efbeee51259cbe7fcfb6fe,e1e5d2e80357ce8d0c43247fc21f4f83,d6849a8b56efbeee51259cbe7fcfb6fe,09d1fbd4c923fcea84fa298bcd05a9f5,52f64436457188bc86794c97fdefc4cf,55c30f361b9c92a2ddade38be0f602b3,60ffeee15dc8cbdf5236a8495be1c5e3,fa2deae45c872c9c532e87037bc2a6c5,f68bac6e60825a760fe44f60526911a7,9c6ea0229257da198ae7fbbcb2a91693,d6849a8b56efbeee51259cbe7fcfb6fe,e736406bf9944eae8d897bb115cb23d1,d6849a8b56efbeee51259cbe7fcfb6fe,134811b8ed2702912c9e9855f236ac43,d6849a8b56efbeee51259cbe7fcfb6fe,661d5297d8e96fb8b6ccf774dbc0405f,7ced9ae925df9aef722db4bd692b3303,caf596bb61a4caed37c0a44e7e6f89b5,d6849a8b56efbeee51259cbe7fcfb6fe,fedc275af5bd0e1145b2810aeda5169a,93f25aa907be997ad1bb4e06f9b5081b",<map object at 0x109f0a2e8>
image_checksum,image_urls
"cef5157aa885c782ac987f570c5070af,18eeaa80fdbc601aaf293adeb4147004,d6849a8b56efbeee51259cbe7fcfb6fe,03d0838bab19229f67efec0960672158,c975a0d9eb0227e771bd495e01fe3316,0dea8f5aa6a6e94577eeb7b9a2df26cd,906e4a7bf01f5c4046c04343d4c67f78,d6849a8b56efbeee51259cbe7fcfb6fe,070dacdaede3d9283838c7f4c5fcdb1f,d6849a8b56efbeee51259cbe7fcfb6fe,6ea7ff5413cc1c0019567653937203d6,d6849a8b56efbeee51259cbe7fcfb6fe,edb499947fca1a36374bb1ddc99cb10c,f880daaa0614fca4b2bc2524290d72be,4b38a9a3eeac047ed819845ab79d0493,c7cd71e3a7ac2d5f1155f3c0cd05912b,e6994815ef0107e66718fc666fd37043,d6849a8b56efbeee51259cbe7fcfb6fe,1456d78d91b970193834e6722679fc07,d6849a8b56efbeee51259cbe7fcfb6fe,53311369c694bb8bc2933f0f4925650c,d6849a8b56efbeee51259cbe7fcfb6fe,e1e5d2e80357ce8d0c43247fc21f4f83,d6849a8b56efbeee51259cbe7fcfb6fe,09d1fbd4c923fcea84fa298bcd05a9f5,52f64436457188bc86794c97fdefc4cf,55c30f361b9c92a2ddade38be0f602b3,60ffeee15dc8cbdf5236a8495be1c5e3,fa2deae45c872c9c532e87037bc2a6c5,f68bac6e60825a760fe44f60526911a7,9c6ea0229257da198ae7fbbcb2a91693,d6849a8b56efbeee51259cbe7fcfb6fe,e736406bf9944eae8d897bb115cb23d1,d6849a8b56efbeee51259cbe7fcfb6fe,134811b8ed2702912c9e9855f236ac43,d6849a8b56efbeee51259cbe7fcfb6fe,661d5297d8e96fb8b6ccf774dbc0405f,7ced9ae925df9aef722db4bd692b3303,caf596bb61a4caed37c0a44e7e6f89b5,d6849a8b56efbeee51259cbe7fcfb6fe,fedc275af5bd0e1145b2810aeda5169a,93f25aa907be997ad1bb4e06f9b5081b",<map object at 0x10a0102b0>
image_checksum,image_urls
"cef5157aa885c782ac987f570c5070af,18eeaa80fdbc601aaf293adeb4147004,d6849a8b56efbeee51259cbe7fcfb6fe,03d0838bab19229f67efec0960672158,c975a0d9eb0227e771bd495e01fe3316,0dea8f5aa6a6e94577eeb7b9a2df26cd,906e4a7bf01f5c4046c04343d4c67f78,d6849a8b56efbeee51259cbe7fcfb6fe,070dacdaede3d9283838c7f4c5fcdb1f,d6849a8b56efbeee51259cbe7fcfb6fe,6ea7ff5413cc1c0019567653937203d6,d6849a8b56efbeee51259cbe7fcfb6fe,edb499947fca1a36374bb1ddc99cb10c,f880daaa0614fca4b2bc2524290d72be,4b38a9a3eeac047ed819845ab79d0493,c7cd71e3a7ac2d5f1155f3c0cd05912b,e6994815ef0107e66718fc666fd37043,d6849a8b56efbeee51259cbe7fcfb6fe,1456d78d91b970193834e6722679fc07,d6849a8b56efbeee51259cbe7fcfb6fe,53311369c694bb8bc2933f0f4925650c,d6849a8b56efbeee51259cbe7fcfb6fe,e1e5d2e80357ce8d0c43247fc21f4f83,d6849a8b56efbeee51259cbe7fcfb6fe,09d1fbd4c923fcea84fa298bcd05a9f5,52f64436457188bc86794c97fdefc4cf,55c30f361b9c92a2ddade38be0f602b3,60ffeee15dc8cbdf5236a8495be1c5e3,fa2deae45c872c9c532e87037bc2a6c5,f68bac6e60825a760fe44f60526911a7,9c6ea0229257da198ae7fbbcb2a91693,d6849a8b56efbeee51259cbe7fcfb6fe,e736406bf9944eae8d897bb115cb23d1,d6849a8b56efbeee51259cbe7fcfb6fe,134811b8ed2702912c9e9855f236ac43,d6849a8b56efbeee51259cbe7fcfb6fe,661d5297d8e96fb8b6ccf774dbc0405f,7ced9ae925df9aef722db4bd692b3303,caf596bb61a4caed37c0a44e7e6f89b5,d6849a8b56efbeee51259cbe7fcfb6fe,fedc275af5bd0e1145b2810aeda5169a,93f25aa907be997ad1bb4e06f9b5081b",<map object at 0x109ed52b0>
image_checksum,image_urls
"cef5157aa885c782ac987f570c5070af,18eeaa80fdbc601aaf293adeb4147004,d6849a8b56efbeee51259cbe7fcfb6fe,03d0838bab19229f67efec0960672158,c975a0d9eb0227e771bd495e01fe3316,0dea8f5aa6a6e94577eeb7b9a2df26cd,906e4a7bf01f5c4046c04343d4c67f78,d6849a8b56efbeee51259cbe7fcfb6fe,070dacdaede3d9283838c7f4c5fcdb1f,d6849a8b56efbeee51259cbe7fcfb6fe,6ea7ff5413cc1c0019567653937203d6,d6849a8b56efbeee51259cbe7fcfb6fe,edb499947fca1a36374bb1ddc99cb10c,f880daaa0614fca4b2bc2524290d72be,4b38a9a3eeac047ed819845ab79d0493,c7cd71e3a7ac2d5f1155f3c0cd05912b,e6994815ef0107e66718fc666fd37043,d6849a8b56efbeee51259cbe7fcfb6fe,1456d78d91b970193834e6722679fc07,d6849a8b56efbeee51259cbe7fcfb6fe,53311369c694bb8bc2933f0f4925650c,d6849a8b56efbeee51259cbe7fcfb6fe,e1e5d2e80357ce8d0c43247fc21f4f83,d6849a8b56efbeee51259cbe7fcfb6fe,09d1fbd4c923fcea84fa298bcd05a9f5,52f64436457188bc86794c97fdefc4cf,55c30f361b9c92a2ddade38be0f602b3,60ffeee15dc8cbdf5236a8495be1c5e3,fa2deae45c872c9c532e87037bc2a6c5,f68bac6e60825a760fe44f60526911a7,9c6ea0229257da198ae7fbbcb2a91693,d6849a8b56efbeee51259cbe7fcfb6fe,e736406bf9944eae8d897bb115cb23d1,d6849a8b56efbeee51259cbe7fcfb6fe,134811b8ed2702912c9e9855f236ac43,d6849a8b56efbeee51259cbe7fcfb6fe,661d5297d8e96fb8b6ccf774dbc0405f,7ced9ae925df9aef722db4bd692b3303,caf596bb61a4caed37c0a44e7e6f89b5,d6849a8b56efbeee51259cbe7fcfb6fe,fedc275af5bd0e1145b2810aeda5169a,93f25aa907be997ad1bb4e06f9b5081b",<map object at 0x109fd12e8>
image_checksum,image_urls
"cef5157aa885c782ac987f570c5070af,18eeaa80fdbc601aaf293adeb4147004,d6849a8b56efbeee51259cbe7fcfb6fe,03d0838bab19229f67efec0960672158,c975a0d9eb0227e771bd495e01fe3316,0dea8f5aa6a6e94577eeb7b9a2df26cd,906e4a7bf01f5c4046c04343d4c67f78,d6849a8b56efbeee51259cbe7fcfb6fe,070dacdaede3d9283838c7f4c5fcdb1f,d6849a8b56efbeee51259cbe7fcfb6fe,6ea7ff5413cc1c0019567653937203d6,d6849a8b56efbeee51259cbe7fcfb6fe,edb499947fca1a36374bb1ddc99cb10c,f880daaa0614fca4b2bc2524290d72be,4b38a9a3eeac047ed819845ab79d0493,c7cd71e3a7ac2d5f1155f3c0cd05912b,e6994815ef0107e66718fc666fd37043,d6849a8b56efbeee51259cbe7fcfb6fe,1456d78d91b970193834e6722679fc07,d6849a8b56efbeee51259cbe7fcfb6fe,53311369c694bb8bc2933f0f4925650c,d6849a8b56efbeee51259cbe7fcfb6fe,e1e5d2e80357ce8d0c43247fc21f4f83,d6849a8b56efbeee51259cbe7fcfb6fe,09d1fbd4c923fcea84fa298bcd05a9f5,52f64436457188bc86794c97fdefc4cf,55c30f361b9c92a2ddade38be0f602b3,60ffeee15dc8cbdf5236a8495be1c5e3,fa2deae45c872c9c532e87037bc2a6c5,f68bac6e60825a760fe44f60526911a7,9c6ea0229257da198ae7fbbcb2a91693,d6849a8b56efbeee51259cbe7fcfb6fe,e736406bf9944eae8d897bb115cb23d1,d6849a8b56efbeee51259cbe7fcfb6fe,134811b8ed2702912c9e9855f236ac43,d6849a8b56efbeee51259cbe7fcfb6fe,661d5297d8e96fb8b6ccf774dbc0405f,7ced9ae925df9aef722db4bd692b3303,caf596bb61a4caed37c0a44e7e6f89b5,d6849a8b56efbeee51259cbe7fcfb6fe,fedc275af5bd0e1145b2810aeda5169a,93f25aa907be997ad1bb4e06f9b5081b",<map object at 0x109f17320>
image_checksum,image_urls
"cef5157aa885c782ac987f570c5070af,18eeaa80fdbc601aaf293adeb4147004,d6849a8b56efbeee51259cbe7fcfb6fe,03d0838bab19229f67efec0960672158,c975a0d9eb0227e771bd495e01fe3316,0dea8f5aa6a6e94577eeb7b9a2df26cd,906e4a7bf01f5c4046c04343d4c67f78,d6849a8b56efbeee51259cbe7fcfb6fe,070dacdaede3d9283838c7f4c5fcdb1f,d6849a8b56efbeee51259cbe7fcfb6fe,6ea7ff5413cc1c0019567653937203d6,d6849a8b56efbeee51259cbe7fcfb6fe,edb499947fca1a36374bb1ddc99cb10c,f880daaa0614fca4b2bc2524290d72be,4b38a9a3eeac047ed819845ab79d0493,c7cd71e3a7ac2d5f1155f3c0cd05912b,e6994815ef0107e66718fc666fd37043,d6849a8b56efbeee51259cbe7fcfb6fe,1456d78d91b970193834e6722679fc07,d6849a8b56efbeee51259cbe7fcfb6fe,53311369c694bb8bc2933f0f4925650c,d6849a8b56efbeee51259cbe7fcfb6fe,e1e5d2e80357ce8d0c43247fc21f4f83,d6849a8b56efbeee51259cbe7fcfb6fe,09d1fbd4c923fcea84fa298bcd05a9f5,52f64436457188bc86794c97fdefc4cf,55c30f361b9c92a2ddade38be0f602b3,60ffeee15dc8cbdf5236a8495be1c5e3,fa2deae45c872c9c532e87037bc2a6c5,f68bac6e60825a760fe44f60526911a7,9c6ea0229257da198ae7fbbcb2a91693,d6849a8b56efbeee51259cbe7fcfb6fe,e736406bf9944eae8d897bb115cb23d1,d6849a8b56efbeee51259cbe7fcfb6fe,134811b8ed2702912c9e9855f236ac43,d6849a8b56efbeee51259cbe7fcfb6fe,661d5297d8e96fb8b6ccf774dbc0405f,7ced9ae925df9aef722db4bd692b3303,caf596bb61a4caed37c0a44e7e6f89b5,d6849a8b56efbeee51259cbe7fcfb6fe,fedc275af5bd0e1145b2810aeda5169a,93f25aa907be997ad1bb4e06f9b5081b",<map object at 0x109fd1320>
